<desktop>

    <permissions>
        <permission id="cat" display='true' workground='sysitem.workground.item'>分类</permission>
<!--         <permission id="brand" display='false' workground='syscategory.workground.category'>品牌</permission>
        <permission id="prop" display='true' workground='syscategory.workground.category'>属性</permission> -->
         <permission id="item_prop" display='true' workground='sysitem.workground.item'>属性</permission>
    </permissions>

    <workground name="商品" id="sysitem.workground.item" controller="admin_cat" action="index" order='30'>
<!--         <menugroup name="品牌管理">
            <menu controller='admin_brand' action='create' permission='brand' display='false' order='10'>添加品牌</menu>
            <menu controller='admin_brand' action='index' permission='brand' display='false' order='20'>品牌列表</menu>
        </menugroup>
        <menugroup name="属性管理">
            <menu controller='admin_props' action='create' permission='prop' display='false' order='30'>添加品牌</menu>
            <menu controller='admin_props' action='index' permission='prop' display='false' order='40'>属性列表</menu>
        </menugroup> -->
        <menugroup name="商品属性管理">
            <menu controller='admin_itemprop' action='index' permission='item_prop' display='true' order='50'>商品属性列表</menu>
        </menugroup>
        <menugroup name="分类管理">
            <!-- <menu controller='admin_cat' action='create' permission='cat' display='false' order='150'>添加分类</menu> -->
            <menu controller='admin_cat' action='index' permission='cat' display='true' order='160'>分类列表</menu>
<!--             <menu controller='admin_cat' action='leaf' permission='cat' display='false' order='170'>三级分类列表</menu> -->
        </menugroup>
    </workground>

</desktop>
